titre,texte,source_site,url,date_publication,langue,hash_fingerprint
Mardi Cuisine - 2025-10-28,"**Partagez vos recettes !**

La cuisine c'est tous les jours sur r/BonneBouffe

---

^(Ce sujet est g√©n√©r√© automatiquement tous les mardis.) [^(Archives.)](http://www.reddit.com/r/france/search?q=mardi+cuisine+author%3AAutoModerator&sort=new&restrict_sr=on&t=all)",reddit.com,https://reddit.com/r/france/comments/1oi1ra3/mardi_cuisine_20251028/,2025-10-28 07:00:49,fr,2d7e95b1b02fd50dfc56c21e24ca1e9bc93458b6e37c098538c210e89de34c51
Forum Libre - 2025-10-28,"Partagez ici tout ce que vous voulez sauf la politique.  
Ce sujet est g√©n√©r√© automatiquement vers 5 h - [Archives](https://www.reddit.com/r/france/search?q=Forum+Libre++author%3A%22automoderator%22&restrict_sr=on&sort=new&t=all).",reddit.com,https://reddit.com/r/france/comments/1ohzsk4/forum_libre_20251028/,2025-10-28 05:01:24,fr,1f1938719718bef0974925ad099c629cade53062c201c80c9c1fb128d76c0d22
Pourquoi tant de haine envers les personnes trans ?,"Petit rant, d√©sol√©e...

Je suis juste un peu saoul√©e de voir que la haine des personnes trans est aussi r√©pandue.

Quand j'ouvre les commentaires d'un article mainstream sur la transidentit√©, on se fait traiter de malades mentaux.

Sur Reddit, si le sub manque un peu de mod√©ration, on retrouve les pires horreurs.

Grokipedia est sorti aujourd'hui, je n'aurais sans doute pas d√ª avoir la curiosit√© morbide de regarder.

Et tout √ßa c'est sans compter sur les agressions qu'on se prend r√©guli√®rement dans la rue...

Et un des aspects durs, c'est que je ne comprends pas pourquoi on nous d√©teste autant.

Ok, je vois tout ce qu'on nous reproche, de corrompre la jeunesse, d'√™tre des perverts, etc.

Mais je ne peux pas m'emp√™cher de me dire que tout √ßa devrait s'effondrer face aux faits, apr√®s avoir rencontr√© ne serait-ce qu'une personne transgenre.

Pourquoi est-ce qu'on nous laisse pas juste √™tre nous ?",reddit.com,https://reddit.com/r/france/comments/1oib1bp/pourquoi_tant_de_haine_envers_les_personnes_trans/,2025-10-28 15:34:21,fr,fa5759fb4d9fb36bcad0cccd5f14f343813c751757978789cfe9e10aa2420d50
"Ici, on fait une tier-list maison des trucs dont on aimerait bien conna√Ætre le fin mot","Bonjour √† tous, 

Je vous propose √† tous de faire une tier-list du sub des myst√®res en cours dont on aimerait bien conna√Ætre le fin de mot de l'histoire avant de crever. 

Ce genre de trucs dont on a entendu parler aux infos, sur un subreddit obscur ou un podcast confidentiel, et dont on ne sait pas tout.

Vu avec la mod√©ration (qui m'a au passage sugg√©r√© le terme de ""mystier-list"", ils sont forts nos modos), le thread est en mode concours pour faire des votes plus √©quilibr√©s. Le principe est bien s√ªr de faire une seule suggestion de myst√®re par commentaire racine, afin de pouvoir voter avec les upvotes de reddit. Je ferai un prochain post pour valoriser les r√©sultats. 

N'h√©sitez pas surtout √† balancer une source pour les myst√®res les moins connus !",reddit.com,https://reddit.com/r/france/comments/1oi7q3t/ici_on_fait_une_tierlist_maison_des_trucs_dont_on/,2025-10-28 13:15:25,fr,96ae428cb147f570a1e4d5dc6ab16c56cf3b46bbff9cdbc6d8f7b1f0b0e3fc79
Appel 18 pour personne qui ne r√©pond pas,"Bonjour, 
Mon p√®re est tr√®s malade psychologiquement et ne r√©pond plus au t√©l√©phone depuis 1 semaine. Nous sommes tr√®s inquiets, je suis assez loin en transport mais √ßa reste faisable (1h30 environ) mais je suis terroris√©e d‚Äôy aller .. Nous avons d√©j√† fait appel aux pompiers dans le pass√© (2 -3 fois ces 2 derni√®res ann√©es) et juste il s‚Äô√©tait isol√© il n‚Äôavait rien. Pensez vous que je peux faire appel √† eux de nouveau ? Je ne veux pas les importuner de nouveau. J‚Äôai peur qu‚Äôils ne se d√©placent plus a force.
Je ne connais ni voisin ni ami qui pourrait aller le voir sur place.
Merci pour votre aide ",reddit.com,https://reddit.com/r/france/comments/1oi3ree/appel_18_pour_personne_qui_ne_r√©pond_pas/,2025-10-28 09:18:39,fr,29e7e30af9d7e03e568c0ac53582a00ab6cfe1f7f84f1103ef66bb938d09ee01
Question con mais‚Ä¶ √ßa existe encore des flux RSS de presse contenant l‚Äôint√©gralit√© des articles ?,"Non parce que je crois que je suis arriv√© au point o√π j‚Äôen ai ras la casquette d‚Äôavoir mes feeds remplis d‚Äôarticles finissant par des phrases du style

> Cet article est r√©serv√© aux abonn√©s. Il vous reste 87% √† d√©couvrir.

Alors m√™me que bien souvent je suis abonn√©.

Alors peut-√™tre que je suis stupide et que je passe √† c√¥t√© des feeds sp√©cial abonn√©s, mais je n‚Äôai pas l‚Äôimpression.

Du coup, √ßa existe encore (pour les abonn√©s √©videmment, m√™me si on n‚Äôest pas sectaires et qu‚Äôon prend tout‚Ä¶) et je suis idiot ou bien internet c‚Äôest d√©finitivement devenu nul ?",reddit.com,https://reddit.com/r/france/comments/1ohysh3/question_con_mais_√ßa_existe_encore_des_flux_rss/,2025-10-28 04:08:39,fr,c43f4ecd117bcc54cb255af0e088359ca0aebb80a8db5813ef1cb3685b416c88
L'ann√©e sabbatique en France: une erreur ?,"Bonjour √† tous,

J'√©cris ici parce que je suis un peu frustr√© et d√©sesp√©r√©. L'ann√©e derni√®re, j'ai pris la d√©cision de d√©missionner pour suivre mon r√™ve : traverser l'Europe √† pieds. Je l'ai fait, et c'√©tait un voyage tr√®s enrichissant. Mais voila, 7 mois que je suis de retour, que j'envoie CV sur CV pour trouver un boulot dans ma branche, dans des postes pour lesquelles je coche toutes les cases ou presque, et je n'ai aucun r√©ponse.

Ce matin j'ai eu un appel avec un cabinet de recrutement, pour un job pour lequel j'avais 2 ans d'exp√©rience qui correspondait exactement au poste, et d√®s que j'ai mentionn√© mon ann√©e sabbatique, mon interlocutrice a chang√© de ton et a commenc√© √† dire que mon exp√©rience n'√©tait pas align√©e avec ce que son client recherche. J'ai insist√© en disant que si, c'√©tait parfaitement pertinent, et elle a juste poliment dit qu'elle allait transmettre mon CV.

Je ne veux pas trop expliciter, car c'est un tr√®s petit milieu. J'ai une licence, deux masters, 2 ans et dem",reddit.com,https://reddit.com/r/france/comments/1oi7el3/lann√©e_sabbatique_en_france_une_erreur/,2025-10-28 13:00:13,fr,034a3bac3b46c96b91e85cf4b69402eaf744f7d1dbe75b1a5ea770b7a6e1bc39
√Ä la recherche de marques de costumes des ann√©es 50s et 60s,"Bonjour, je suis pr√©sentement √† la recherche d‚Äôun costume que portaient les francais des ann√©es 50s et 60s, plut√¥t comme Alain Delon. J‚Äôutilise ebay au quotidien pour mes recherches, mais je me demandais si il n‚Äôy avait pas quelqu‚Äôun qui saurait les marques qu‚Äôils portaient √† cette p√©riode pour les costumes? Merci!",reddit.com,https://reddit.com/r/france/comments/1oicsmc/√†_la_recherche_de_marques_de_costumes_des_ann√©es/,2025-10-28 16:41:26,fr,7a87609807f8f9b177fe8aa53d43951246dea9479d9610127afd1296f1458cc6
S‚Äôinstaller √† Brian√ßon pour un jeune c‚Äôest bien ?,"Bonjour ! Je suis un jeune infirmier de 25 ans et je cherche √† m‚Äôinstaller √† Brian√ßon. Je suis un grand fan de montagne en g√©n√©ral que ce soit de la randonn√©e √† l‚Äôalpinisme, mais je me demandais si il y avait des choses √† savoir avant d‚Äôaller m‚Äôinstaller l√†-bas ? Des points n√©gatifs comme positif, avoir l‚Äôavis des locaux ou m√™me ceux qui y ont habit√© ! Je trouve pas grand chose sur internet, m√™me niveau ce faire des relations ect. Merci !",reddit.com,https://reddit.com/r/france/comments/1oi5kel/sinstaller_√†_brian√ßon_pour_un_jeune_cest_bien/,2025-10-28 11:19:39,fr,b8816ae16afdbd8e84c802b6d7e2228b2ecfdb45f551b0859b1157732e4c0682
"FORUM LIBRE : TOURISTS AND RESIDENTS, ASK YOUR COMMON QUESTIONS IN THIS WEEKLY THREAD : Open Forum -- 26, October, 2025","# FR : Merci de lire avant de poster

Ce forum libre permet de discuter de tout et de rien et vous permet notamment de poser vos questions g√©n√©riques par rapport √† la ville et la r√©gion. Si vous venez d'arriver sur Paris et que vous voulez savoir o√π trouver des bars, manger un Pho ou trouver des cl√©s √† molette, ce forum est pour vous !

Pour toute question un peu plus cors√©e (et non touristique), n'h√©sitez pas √† cr√©er un sujet √† part.

# __________________________________________

# EN : Please read before posting

If you have a simple question or tourism related one about the city, this megathread is for you!

Is the pricing of the m√©tro confusing?

Do you want to know where you can find the shops that have that odd thing you're looking for?

The locals can help, ask away.

You should first take a look at [the wikivoyage page on Paris](https://en.wikivoyage.org/wiki/Paris) for general information. You should also download the app [Citymapper](https://citymapper.com/paris) to find your",reddit.com,https://reddit.com/r/paris/comments/1ogucvi/forum_libre_tourists_and_residents_ask_your/,2025-10-26 21:00:50,fr,fd9cacb59910dd5e883544193eff4f038ea8412072e33e9a1722370f808f1b4f
Est ce une presence de rat/ souris chez moi,"Hello,

Je suspecte la presence d‚Äôun rat/ souris chez moi mais j‚Äôai du mal √† la localiser, pouvez-vous m‚Äôaider √† identifier ses croutes ou bien c‚Äôest autre chose ? 

Etant √† paris je pense fortement √† un rat/ souris.
",reddit.com,https://reddit.com/r/paris/comments/1oi8dh6/est_ce_une_presence_de_rat_souris_chez_moi/,2025-10-28 13:45:09,fr,20bd7d629423a3a8e281c5b9f7a18b991f93b73e6548d6618d1f17a465b04771
C‚Äôest quoi ce merdier sur la ligne 1? (Et peut-√™tre sur tout le r√©seau?),"Alors la ligne 1 est ma ligne usuelle pour me rendre au boulot. J‚Äôaurais des lignes plus directes pour m‚Äôy rendre mais que je d√©teste (ligne 7 et 8, je vous vois). Je pr√©f√®re donc pas mal marcher pour la rejoindre puis pas mal marcher pour aller jusqu‚Äô√† mon taff.

Alors d‚Äôhabitude et en heure de pointe, oui c‚Äôest dense mais les trains circulent et c‚Äôest correct.

Mais l√†, depuis trois semaines un mois, alors que c‚Äôest les vacances, alors qu‚Äôon n‚Äôest pas dans la p√©riode la plus touristique de l‚Äôann√©e, m√™me quand le RER A semble fonctionner relativement normalement, c‚Äôest un bordel sans nom matin et soir. Les trains sont l√† toutes les minutes trente mais c‚Äôest compl√®tement bond√©.

Vous avez remarqu√© la m√™me chose? Y a quelque chose de particulier?",reddit.com,https://reddit.com/r/paris/comments/1oigidu/cest_quoi_ce_merdier_sur_la_ligne_1_et_peut√™tre/,2025-10-28 18:58:11,fr,af923887ff72bc6684ed1423502a466546b214b35c0a3330a3bc28c4d763cd1f
O√π manger v√©g√©tarien √† Paris sans ail ni oignon ?,"Salut √† tous !

J‚Äôai une amie v√©g√©tarienne qui va venir me rendre visite √† Paris bient√¥t, mais elle ne peut pas manger ni de l‚Äôail, ni des oignons (donc les alliums).

Est-ce que quelqu‚Äôun conna√Æt des restaurants v√©g√©tariens (ou avec options v√©g√©tariennes) o√π il est possible de manger sans ail ni oignon ?

Merci beaucoup d‚Äôavance pour vos recommandations üôè

*(Je sais que c‚Äôest une demande un peu sp√©cifique, donc m√™me une seule adresse fiable serait super !)*

  
",reddit.com,https://reddit.com/r/paris/comments/1oi5huo/o√π_manger_v√©g√©tarien_√†_paris_sans_ail_ni_oignon/,2025-10-28 11:15:26,fr,9ea2cd9443450b9dc8f8ba2ccb90cd085322e70c935e4dcf44c70eef029440af
Sortie le 31,"Heyy ! 
Je me demandais s‚Äôil y avait des personnes sur Paris qui n‚Äôont rien de pr√©vu pour Halloween et qui aimeraient se faire une petite sortie ou une soir√©e sympa ! 
Je suis une fille de 20ans, actuellement en √©tudes sup et je suis arriv√©e √† Paris en septembre dernier, donc encore en train de d√©couvrir un peu la ville

Si vous √™tes int√©ress√©(e)s, n‚Äôh√©sitez pas √† r√©pondre √† ce post et √† m‚Äôenvoyer un message priv√© avec votre Insta pour qu‚Äôon puisse s‚Äôorganiser !",reddit.com,https://reddit.com/r/paris/comments/1oii8qp/sortie_le_31/,2025-10-28 20:03:11,fr,15a93963148a2e05f48e479a583ae670907a9bddf397879b45897995e41cdabb
Where to find a foster family in Paris,"Hello! I‚Äôm searching for a kind person in Paris who can foster my two indoor cats for about one month. They are friendly, clean, and used to apartment life. I will provide food, litter, and cover any expenses.
If you‚Äôre interested or know someone who could help, please send me a message.
Thank you so much!

",reddit.com,https://reddit.com/r/paris/comments/1oi7gar/where_to_find_a_foster_family_in_paris/,2025-10-28 13:02:12,fr,7e2c7c49094c5a1a2bb752d2a3caf99f214f289098c64ffc62a42b1c70a257f0
Moving to Paris from Berlin,"Hi all, 

My french spouse and I are considering moving to Paris from Berlin and wanted to ask if anyone else had experience doing it and if they regret it. (neither of us are German) 

Our main reasons for leaving: 

\- People in Berlin (I know people in Paris aren't much nicer, but we're getting tired of explaining jokes to people lol) but in all seriousness, we are looking for a slightly culturally warmer climate- we aren't expecting the south of france of course, but also tired of Berliners self- enforcing rules societal they make up. 

\- Lack of Diversity in Food in Berlin (can be considered diverse for Germany, not considered diverse in terms of global cities). 

\-Travel opportunities- pain to travel places from BER airport. 

\-We love going out but not big on Techno

  
Our main reasons for moving to Paris:

\-one of us is already French speaking

\-Closer to other major cities 

\-Great food (grocery quality as well) 

\-in our perspective, people are nicer 

  
We are by no",reddit.com,https://reddit.com/r/paris/comments/1oiid2c/moving_to_paris_from_berlin/,2025-10-28 20:07:49,fr,b4f5ef1a0f5dc9cde2c20526bd5b92cf0b7330a7e2247f1a941102de8e5ed0b7
Partenaires de tennis?,"Bonjour tout le monde,

H27, je recherche des partenaires de tennis pour jouer sur Paris Est / Vincennes mais ouvert a me d√©placer un peu plus loin J‚Äôai jou√© 6 ans plus jeune, et repris depuis peu, niveau plut√¥t interm√©diaire 30

Au plaisir!",reddit.com,https://reddit.com/r/paris/comments/1oib6wy/partenaires_de_tennis/,2025-10-28 15:40:28,fr,d4c976e6fa888ab3bcc08f2f05bc63eaaf3d68a219fdd1cb173bd595dac0d375
D√©part anticip√© de location contre indemnit√© : que puis-je r√©ellement demander ?,"Bonjour √† toustes, 

mon immeuble vient d'√™tre rachet√© et les nouveaux propri√©taires ont mandat√© une soci√©t√© pour inciter les locataires √† √©vacuer leur logement le plus rapidement possible, contre une indemnit√©, variable selon la situation : ils doivent effectuer des travaux de r√©novation afin de relever le DPE, c'est une op√©ration immobili√®re qu'ils ont tout int√©r√™t √† entamer au plus vite, afin de relouer (beaucoup plus cher). 

Je suis dans le 19√®me, j'ai emm√©nag√© fin d√©cembre 2021 et mon bail de 3 ans a √©t√© reconduit en d√©cembre 2024. Mon loyer est de 1050‚Ç¨ pour 38m2, inutile de dire que je ne retrouverai pas de location de m√™me standard en d√©m√©nageant. J'adore mon appart et cela me d√©chire le coeur de partir, cependant je n'ai pas vraiment de choix, le mandataire m'a bien expliqu√© que j'avais tout int√©r√™t √† coop√©rer, et le plus vite possible pour avoir les meilleures conditions.

Ils sont pr√™ts √† offrir 10 000‚Ç¨ / 13 000‚Ç¨ d'indemnit√©s (le montant a l'air d'avoir √©t√© calcul√© selon le",reddit.com,https://reddit.com/r/paris/comments/1ohvttc/d√©part_anticip√©_de_location_contre_indemnit√©_que/,2025-10-28 01:47:28,fr,a19eff857ae8e9bfa7e327a480de69af23f17d9344dfc8fc4b01de1b564f0b9c
Looking for functional doctor in Paris,"Hello all,

maybe someone can help me: I am looking for a functional doctor in Paris. 

I want to get a more extensive blood test / hormone testing as I have hormonal acne in my 20s. I have had it for 10 years and nothing I have tried has helped. 

Preferably English speaking, but French works as well. 

Thank you. ",reddit.com,https://reddit.com/r/paris/comments/1oib6rz/looking_for_functional_doctor_in_paris/,2025-10-28 15:40:19,fr,41588fb94e18dd33cda0f27baeda20a38fd3e86c9314ef7107c16c15f188db0d
O√π trouver du bon son house/techno entre 19h et 00h ?,"Hello les gens,

  
J'√©tais un peu coutumier des clubs (rex / concr√®te / la machine / nuits fauves, etc. ) et √ßa fait un moment que je n'y suis pas all√©. En ce moment je retombe dans mes amours musicaux house / techno MAIS je n'ai pas envie d'attendre 01h du matin pour d√©marrer ma soir√©e (franchement 01h du mat je suis trop rinc√©, je dors).

 La question est donc dans le titre.

Merci biiiiieenn",reddit.com,https://reddit.com/r/paris/comments/1ohbbhp/o√π_trouver_du_bon_son_housetechno_entre_19h_et_00h/,2025-10-27 11:58:37,fr,fe78387fd75615a5b98f7b5151d985a6e38841a54bbeefe72b2231349be94836
Need help with Birthday,My friend birthday coming up on 24 November I need to give him a present but currently I'm living in India can someone help me with it? Who can deliver to him?,reddit.com,https://reddit.com/r/paris/comments/1oi3nno/need_help_with_birthday/,2025-10-28 09:11:28,fr,24ee98cdd29d451601e4bc7e01907b0f50ea8ab03ec7a8a6e755e1cfe092d983
Demenager √† Paris pour le travail ou rester dans le sud?,Je suis dans un dilemme. J‚Äôai 25 et j‚Äôhabite dans le sud et j‚Äôai eu mon premier CDI sur Paris (dans le 92) pour un salaire de 31k brut. J‚Äôai trouv√© une sous-location dans le 13√®me et √ßa me fera 40min de trajet je pense en metro. Mais on vient de m‚Äôannoncer que je peux faire du distanciel exclusivement. Est-ce que √ßa vaut le coup de demenager √† Paris et changer un peu d‚Äôenvironnement ou je reste dans le sud? ,reddit.com,https://reddit.com/r/paris/comments/1ohl9vq/demenager_√†_paris_pour_le_travail_ou_rester_dans/,2025-10-27 18:48:36,fr,839713e12ddaa3a650d93ac95a958b06d5bc785c6f3ccc83f899e8c40ed38da9
Restaurant recommendations for team‚Äôs private dining,"My team (15-20ppl) will be in Paris next week for a conference and I am looking to book them a nice dinner for the evening. Ideally in a restaurant with private dining room or a small cozy, homey restaurant where we can rent the whole place for the evening. Does anyone here have any recommendation for that? I am unfamiliar with Paris unfo. It doesnt matter what kind of cuisine too as long as it‚Äôs good :) Thanks a lot! ",reddit.com,https://reddit.com/r/paris/comments/1oi1db4/restaurant_recommendations_for_teams_private/,2025-10-28 06:35:45,fr,56db3eba561d868094b67f84cc2edca341b665a406a7d9e6fd39643baff17605
Lost AirPods,"So recently just came back to Ireland from a trip to Disneyland and it seems at some point on the last day my AirPods have been misplaced/stolen at some point either in the hotel or a taxi.

I‚Äôve already accepted that they‚Äôre lost but thought hey worth a shot posting here if anyone is beside it :)

They seem to have somehow ended up in a town called Meaux on the north east area

Merci!



",reddit.com,https://reddit.com/r/paris/comments/1oi5bhu/lost_airpods/,2025-10-28 11:04:46,fr,97480688133b6495b4fcbf26a89a5dd8345c1f78bbe3d49c0c620cacbd59eef3
Conseils pour chercher un logement pr√®s de Les Ulis,"Bonjour √† tous,

Je d√©m√©nage en France √† la fin de l‚Äôann√©e pour faire un stage de 6 mois √† Les Ulis. J‚Äôaimerais avoir vos conseils sur les villes ou quartiers o√π chercher un logement.

Id√©alement, je cherche un endroit relativement s√ªr, abordable pour les √©tudiants, et pas trop loin d‚Äôune station de RER vers Les Ulis.

Merci beaucoup !",reddit.com,https://reddit.com/r/paris/comments/1ohwv5c/conseils_pour_chercher_un_logement_pr√®s_de_les/,2025-10-28 02:35:31,fr,718a6b268b44fdb92bd8e8acb0ca7ff23b5a91138140ee2fbf7eb218264ccee1
O√π acheter des produits direct producteur,"Bonjour √† tous, rat √©colo que je suis, j'aimerais faire une liste des producteurs en IDF qui vendent en direct leurs fruits, l√©gumes, fromages, viande etc. Id√©alement (mais pas forc√©ment) bio. S'ils proposent une livraison sur Paris ou une vente en ligne, encore mieux...

Je commence : La cueillette de Compans. Pas de vente en ligne, il faut y aller et cueillir soi m√™me ce qu'on veut. Ils indiquent chaque semaine sur leur compte instagram quels produits sont en saison. C'est du travail mais globalement √ßa vaut le coup (qualit√© + aspect financier), surtout pour les produits qui se gardent longtemps (patates/carottes/oignons...). Il faut une voiture.",reddit.com,https://reddit.com/r/paris/comments/1ohg9zw/o√π_acheter_des_produits_direct_producteur/,2025-10-27 15:43:32,fr,d7e9d6aaa376c0a2b57fb1eab46cc5ed481b00e9d576f41dd8773a963cf62d7e
Bar sympa √† privatiser pour soir√©e avec dj?,Je me rends compte que c‚Äôest pas √©vident de trouver quelque chose sans d√©bourser >3000‚Ç¨ pour 40-50 personnes donc je tente ma chance ici‚Ä¶  ,reddit.com,https://reddit.com/r/paris/comments/1ohtspn/bar_sympa_√†_privatiser_pour_soir√©e_avec_dj/,2025-10-28 00:17:21,fr,c03d1f37c693b3e9150a1a705f7b085bbdaafb0abcc4a8703e44a0b7f86ac0c8
record shop / vinyls,"bonjour. je suis de bref passage demain et je voulais savoir quelles √©taient les meilleurs adresses pour des record stores sp√©cialis√©s sur le folk, neo folk, harsh noise, hc punk et metal ? ",reddit.com,https://reddit.com/r/paris/comments/1ohjhpw/record_shop_vinyls/,2025-10-27 17:43:04,fr,e1c769b74bab1d8485c54057057c63be538c18ecf64f24ce11d4933e1a0b04d9
Speos school,"Anyone studying or has already studied at the Speos photo school? 
How was your experience? I'm looking for direct testimony.",reddit.com,https://reddit.com/r/paris/comments/1ohpw1n/speos_school/,2025-10-27 21:40:26,fr,bbfa5c10be051b024c287ef52c3c4151dcc5d500f0336b1804bd15e04afd2fac
Bar calme et tamis√© vers auber ?,"Hello !

Pour un 2eme date, sauriez vous me conseiller un bar pas trop bruyant, avec un minimum d'espace entre les tables et une atmosph√®re chaleureuse, dans les environs de Auber ?

Je vois remercie !",reddit.com,https://reddit.com/r/paris/comments/1ohbwy6/bar_calme_et_tamis√©_vers_auber/,2025-10-27 12:31:15,fr,0743b586e95a4e5c29e31e2d1081fd4240f21c838b0096a4140d798e00935864
Appartement dernier √©tage,"Bonsoir.

J'ai √©t√© propos√© un appartement au dernier √©tage d'un immeuble dat√© de 1900. Je suis un peu susceptible au bruit et je me demandais donc si les appartements au dernier √©tage des b√¢timents parisiens son particuli√®rement bruyants.

Si vous avez des avis d'autres inconv√©nients je suis preneur.

Merci",reddit.com,https://reddit.com/r/paris/comments/1ohmeqo/appartement_dernier_√©tage/,2025-10-27 19:30:24,fr,547c3c0a578c77dbdba7571a60fabc0123fcc34d13e4b2f6b5ad982be35339ef
Permis via compte CPF Paris,"Bonjour √† tous,

Apr√®s 29 ans dans notre beau pays, je suis oblig√© de passer le permis pour passer un step dans ma vie professionnelle. Par curiosit√©, je suis all√© voir sur mon compte CPF √† combien j'avais de droit et plut√¥t bonne surprise j'ai 1300 euros dessus. Je me retrouve donc devant l'embarra du choix avec des offres qui ont l'air bien trop peu cher pour √™tre bien et des trucs a 4000 euros. Triste partie de l'histoire pour moi j'habite √† Paris, donc je me tape j'imagine l'inflation royale.

Je suis pr√®s a aller jusqu'√† 2000 euros, ca me coutera a moi que 700 donc bon deal (en tout cas j'ai l'impression) mais il y a t'il des parisiens ici qui pourraient me donner des conseils et retour sur les choix qu'ils ont fait ? Si par exemple vous avez un bon plan pour moi je suis preneur",reddit.com,https://reddit.com/r/paris/comments/1ohlu72/permis_via_compte_cpf_paris/,2025-10-27 19:08:54,fr,465629763d432c978ebcb550364086a3bafda09b299957a1739bf6411d2ed51d
pylone m√©tallique en plein Paris,"Bonjour, quelle est cette structure, son utilit√© et o√π se trouve-telle ? (Photo prise depuis le toit d'un immeuble pr√®s du Grand Palais vers le Sacr√© Coeur)Merci. Bonne journ√©e. Michel

https://preview.redd.it/s5t2xhttomxf1.jpg?width=1339&format=pjpg&auto=webp&s=8e20e49b0d10b7afc5f75fa3b8fd32d501d6f368

",reddit.com,https://reddit.com/r/paris/comments/1ohafq8/pylone_m√©tallique_en_plein_paris/,2025-10-27 11:05:25,fr,af51af55394609dabde2e921b0d10bdc26c5562d8f900823c75882c01d684ae2
Is it hard to find now a job that won't start until January?,"I'm an international student here in Paris, and after December I'll be done with university but also financially on my own, which means that in order to stay here I'll need to find a job that will cover all my expenses. The thing is, even though I won't be able to start working until January, I need to find a job now (basically in the next two weeks), because if I don't find anything, I'll have to end my lease and leave my apartment in December. For several reasons (including the fact that I do understand French pretty well but my spoken level is not professional/academic at all) I'm not looking for any high-skilled professions related to my university degree, just something like a bar or a caf√© that will allow me to stay here for a few months while I figure out what to do with my degree. 

Since I've never worked here in Paris (or even in France), I'm a little scared because I don't know how easy it would be to find an employer now who's going to be okay with the fact that I won't be ",reddit.com,https://reddit.com/r/paris/comments/1ohefxc/is_it_hard_to_find_now_a_job_that_wont_start/,2025-10-27 14:29:46,fr,73e1ad08ad7ad62ee15fd17a4aa62a622f013bb6ba5dea61234319e656652c61
Quelqu'un sait-il o√π acheter des cynorrhodons / fruits d'√©glantier frais √† Paris ?,"Salut √† tous !

Je voudrais faire de la confiture de cynorrhodon pour ma belle-s≈ìur pour No√´l, et pour √ßa j'aimerais trouver un endroit o√π acheter des cynorrhodons frais √† Paris (et bio si vous avez en plus h√©h√©), mais je n'en trouve que des secs pour les tisanes...

Merci d'avance si vous avez des suggestions !",reddit.com,https://reddit.com/r/paris/comments/1ohk6w6/quelquun_saitil_o√π_acheter_des_cynorrhodons/,2025-10-27 18:08:51,fr,446f3626f40473e5f4da5566a39e3c31f446d1cfbfee2929029cf691c8b8be09
Se d√©barrasser de cartons d√©m√©nagement,"Bonjour,

Suite √† un d√©m√©nagement, je me retrouve avec beaucoup de gros cartons. La poubelle jaune de mon immeuble est toujours pleine et la poubelle de tri ext√©rieure est assez loin. J'ai regard√© en ligne pour la gestion des encombrants par la mairie mais ils ne prennent pas de cartons, d'apr√®s ce qui est marqu√© sur leur site. J'ai aussi regard√© une association, cartons pleins, mais celle ci a un trop plein de stock et ne pourra pas les collecter. Auriez vous d'autres solutions ? Connaissez vous un moyen pour se d√©barrasser de ces cartons ? 
Merci par avance!",reddit.com,https://reddit.com/r/paris/comments/1ohjk6n/se_d√©barrasser_de_cartons_d√©m√©nagement/,2025-10-27 17:45:29,fr,4ceb095c52d2400ea8f74b1439028aa38636ff03c10df152cbeb71c1698bc2fa
Go out Monday evening,"Hello everyone! 

I wanted to know if there is a specific bar where there are good evenings on Mondays? It's my going away party and we want to do something. 

Maybe a cool event? If there are singles it's better jajajajaj",reddit.com,https://reddit.com/r/paris/comments/1ohj3pp/go_out_monday_evening/,2025-10-27 17:28:34,fr,9298c1871db5f5c2a406547d216c3bdc833ac366c756746b12c6db22182bcf07
sites/groupes pour trouver des sous-loc ?,"Salut ! j‚Äôhabite deja √† paris mais j‚Äôaimerais bien me trouver un petit appart peut √™tre en coloc √† paris ou alentours, sauf que j‚Äôai un budget serr√© donc si vous connaissez des groupes qui partagent des offres type sous location, chambre chez l‚Äôhabitant etc (type groupe whats app, facebook..) afin de trouver peut √™tre des logements √† moindre co√ªt voir m√™me pour des dur√©es courtes 
merci !  ",reddit.com,https://reddit.com/r/paris/comments/1ohmin1/sitesgroupes_pour_trouver_des_sousloc/,2025-10-27 19:34:28,fr,d146ae19b73eeb904a20fe2706627017f31666626a946ec52a2fdffceed94d62
"Recherche un sauna ""classique""","Bonjour, je cherche un endroit sur Paris ou proche banlieue o√π faire du sauna, qui ne soit ni un sauna libertin, ni dans un h√¥tel de luxe. Je ne souhaite pas non plus faire de soin. Juste profiter d'une s√©ance de sauna ""simple"". Si cela fait partie d'une salle de sport ou d'une piscine, pourquoi pas, tant que c'est un vrai sauna en bois. Merci pour vos recommandations !

√âDIT : pas de sauna gay, naturiste ou libertin, ce qui revient au m√™me sur Paris (je n'aurais aucun probl√®me √† aller en lieu naturiste ou m√™me gay si ce n'√©taient pas des lieux de drague o√π venir en visiteur lambda √©tait sinc√®rement possible).",reddit.com,https://reddit.com/r/paris/comments/1ogphp9/recherche_un_sauna_classique/,2025-10-26 17:49:14,fr,a3a6162e211f782f127f9a9e880c9059698ac851bcce1dca8ba93b7dbfeb925a
Vivre √† Saint Denis (m√©tro Porte de Paris) en tant que jeune femme ?,"Salut la commu !

Je suis une jeune femme de 29 ans, et j'ai visit√© un appartement √† Saint Denis, proche du m√©tro Porte de Paris. Il a l'air vraiment bien : spacieux, lumineux, bref il coche pas mal de crit√®res !

Ne connaissant pas le quartier, je suis preneuse de retour d'exp√©riences de jeunes femmes qui habitent dans ce coin ? Surtout, est-ce que vous vous sentez safe pour rentrer le soir/nuit notamment ?

Sachant que je sors pas mal, et √ßa peut m'arriver de rentrer en m√©tro bourr√©e. **üòá**

Aussi, je redoute un peu les soirs de matchs/√©v√®nements au Stade de France...

Bref, n'h√©sitez pas √† t√©moigner (please pas de commentaires de personnes qui n'y ont jamais mis les pieds et ont des pr√©jug√©s sur le lieu) :)",reddit.com,https://reddit.com/r/paris/comments/1ogtfuw/vivre_√†_saint_denis_m√©tro_porte_de_paris_en_tant/,2025-10-26 20:24:08,fr,cf76ef828f654a606ed31a209117c956a140e853dbfaf79c0e107122deca4378
Study/work places,"Hi, I am looking for nice places (coffee shops/libraries/anything else) to go to study/work on my laptop. 
What are your favorite places ? Looking for something with decently comfortable chairs/tables, not sitting high up at a bar as in some coffee shops. 

Thanks ! üôè ",reddit.com,https://reddit.com/r/paris/comments/1ohal57/studywork_places/,2025-10-27 11:14:50,fr,2bd43ecb562dadf9303162d8beedb1e1e1f123c4afe6e562e92346371d36e724
March√© with prices similar to march√© barbes,"Hi, are there any other march√©s in and around Paris with prices similar to March√© Barbes?",reddit.com,https://reddit.com/r/paris/comments/1oh9oqw/march√©_with_prices_similar_to_march√©_barbes/,2025-10-27 10:16:52,fr,ecf462aba8ace6d7c27f27a09076be757ecc6954b7c4c78f66521c630e6ac9b5
Visiting researcher living in Paris,"Hello, my university will send me to paris for a year, I have 900 euros to rent. I would like recommendations for safe neighborhoods, especially for women. The university is in Saint Denis. What do you recommend?

edit; Thank you for the suggestions, my biggest concern is my partner, I thought about living in 20 in Belleville or 13. What do you think?",reddit.com,https://reddit.com/r/paris/comments/1oh42it/visiting_researcher_living_in_paris/,2025-10-27 04:20:56,fr,45fb791f9c21a139b8baccf640c3e795384a090089c80ec7ef384811d26a9c30
[English-speaking parents/parents-to-be] How was your experience in Paris?,"Being pregnant and non-French, navigating admin and medical processes, how did it go? What was great and not so great?  
Personally, I found the admin process a mess (having to collect info from multiple sources, not always in English ..), but some people seem to think it's fine.  
Curious to know other people's experiences, especially if you don't speak any/much French.",reddit.com,https://reddit.com/r/paris/comments/1oh9ikt/englishspeaking_parentsparentstobe_how_was_your/,2025-10-27 10:05:23,fr,3ae850595698e57c5ad2dd9a65b0a255caf28fc354944fe451983a3f68ab5ca1
Questions sur les refus de logement social,"Salut √† tous,
Avec ma femme, on fait notre premi√®re demande de logement social en √éle-de-France.
On vit √† Montreuil, on bosse √† Paris (8e et 11e), on a un petit gar√ßon de 3 ans et un deuxi√®me b√©b√© en route. On cherche un F4.

J‚Äôai plusieurs zones d‚Äôombre et j‚Äôaimerais vos retours d‚Äôexp√©rience concrets üëá

1. Les villes √† cocher :
Mieux vaut cibler 2-3 communes pr√©cises (genre Montreuil, Paris 11e, Vincennes) ou √©largir √† fond (10-15 communes) pour augmenter les chances ?
Est-ce que trop √©largir peut jouer contre nous (genre recevoir une proposition qu‚Äôon ne veut pas vraiment et risquer de la refuser) ?


2. Les refus :
Si on nous propose un logement dans une des communes qu‚Äôon a choisies et qu‚Äôon refuse, c‚Äôest grave ?
Genre, √ßa ‚Äúplombe‚Äù le dossier, ou on a droit √† 1-2 refus avant d‚Äô√™tre mal vus ?


3. Les bailleurs :
J‚Äôai lu qu‚Äôil fallait aller voir directement les bailleurs sociaux (en plus de la demande en ligne) pour ‚Äúse faire conna√Ætre‚Äù.
C‚Äôest vrai ?
Si oui, √ßa marche comment ? On c",reddit.com,https://reddit.com/r/paris/comments/1oh9ije/questions_sur_les_refus_de_logement_social/,2025-10-27 10:05:19,fr,f932f45bb64eca63ee49817222145a6f18de56f5dc19af0aac4b14e843144ea8
Est-ce qu'il y a des stores ou je peux toucher des mousepads pour vraiment voir si je l'aime?,"Bonjour,   
J'ai utilise' mon Logitech mousepad depuis presque 15 ans, donc c'est temps a' acheter a nouveau. Je cherche quelque chose un peu 'elegant', et surtout comfortable. Mais si je commande quelque chose enligne, j'ai peur que ce sera un surprise, et je dois passer beaucoup de temps a re-envoyer, re-demander an eutre, etc. etc. 

Donc si vous connaissez un magasin ou c'est possible a 'essayer' les mousepads, je suis tres curioux. 

Merci!",reddit.com,https://reddit.com/r/paris/comments/1oh964z/estce_quil_y_a_des_stores_ou_je_peux_toucher_des/,2025-10-27 09:41:45,fr,54023edca99819b8f8477b6f1ed67e22c02ed7bcb039dd931b03818c93ef78d0
How to protect my deposit from landlord?,"Hi,

I moved into an apartment 6 months ago, I am moving out soon. There are two problems with the apartment, one is the electric heater stops working if there is even a small spil of water and I need to wait a week for the eater to dry from the crevices to operate it again, I informed my landlord and he only told me it's my fault and told me to airdry it to make it work. Second, there is a Dyson vacuum cleaver which is not working, I know the proble with this, the battery pack has gone bad as it's an old machine, it was charge partially before enow it doesn't charge. Now my land lord is asking me to repair or replace it before i leave at end of month otherwise I think he might be vindictive and hold every thing accountable. I have picture of  why the electric cooking heater fails and also for the vaccum cleaner.

Do you think he will create problems in giving back my deposit. He also mentioned to use my insurance to get the replacement reimbursement.

What should I do in this scenario",reddit.com,https://reddit.com/r/paris/comments/1ogq83r/how_to_protect_my_deposit_from_landlord/,2025-10-26 18:18:39,fr,67bc67b23698356baa2976a9be9d5e04a1e0a3544467df1dc035b9faa24423ab
What is your secret place to recharge your batteries?,"For my part, there is a magical square in Paris, a very small square where you have the impression that time has stopped: Place du Calvaire, it is located in Montmartre.",reddit.com,https://reddit.com/r/paris/comments/1ogdz3v/what_is_your_secret_place_to_recharge_your/,2025-10-26 07:58:05,fr,cd1ead7a07d72354773c731559147faba59c31855d253b0fbd0d87839a5e82be
Why did the Eiffel Tower sparkle 3 times from 8 to 9pm on Sept 29th,"So, I went to the tower on the evening of September 29th, 2025, at 8 pm, and I only thought it would sparkle at 8 and 9. My wife and I were on the lawn at Champ de Mars, having a picnic, waiting for 9. But it started sparkling at 8:30 for some reason. Nobody expected it, so we thought it was a mistake or something. Then it sparkled again at 8:45, and then 9. I got back home yesterday and looked everywhere for why it was doing that, but I couldn't find anything. Anyone know why?",reddit.com,https://reddit.com/r/paris/comments/1ogogl0/why_did_the_eiffel_tower_sparkle_3_times_from_8/,2025-10-26 17:07:58,fr,012d5d63afcffa22baf0b2e37a265c9c641f8af3aa085953604d5ce84f671900
"S‚Äôinstaller √† paris sans exp√©rience, besoin de conseils (un peu d√©sesp√©r√©eüòÖ)","Salut tout le monde,

je poste ici un peu d√©sesp√©r√©e, parce que je vis dans un coin paum√© qui me ruine la sant√© mentale. J‚Äôai besoin de changer d‚Äôair, de vivre dans un endroit plus vivant, plus multiculturel, o√π je pourrais rencontrer des gens et me sentir moins seule.

Peut-√™tre que ce post ne servira pas √† grand chose, mais je tente: 

J‚Äôai 20 ans, je suis une femme, sans vraie exp√©rience pro √† part quelques stages et services civiques. J‚Äôaimerais vraiment venir m‚Äôinstaller √† Paris, ou dans le coin, mais je sais que c‚Äôest pas simple sans job garanti, ni garant

J‚Äôentends souvent dire que certaines personnes s‚Äôy sont install√©es un peu sur un coup de t√™te, qu‚Äôelles ont gal√©r√© au d√©but mais qu‚Äôelles ont fini par s‚Äôen sortir avec de la d√©brouille et des rencontres. J‚Äôaimerais que ce soit possible pour moi aussi, peut-√™tre que je suis un peu na√Øve, mais j‚Äôai besoin d‚Äôy croire. Je m'en voudrais de pas avoir essay√© de me renseigner et d'en apprendre plus en discutant avec des gens  

Je che",reddit.com,https://reddit.com/r/paris/comments/1oh1npb/sinstaller_√†_paris_sans_exp√©rience_besoin_de/,2025-10-27 02:20:57,fr,14c66c6ce792d2686a6f18fa9319caeb7612a96b8889e6cf19e4ba46442ec4b8
√Ä quoi servent ces boutons ?,"
Je les ai trouv√©s √† un arr√™t de bus.",reddit.com,https://reddit.com/r/paris/comments/1ofqm1m/√†_quoi_servent_ces_boutons/,2025-10-25 14:44:43,fr,88d9d0716522a628ca1d88c128b3f01a0bad675be0d1f31775e10a2c575ebe26
cherche un bon orthodentiste,"Bonjour je cherche un bon orthodentiste √† me recommender sur Paris/Ile de France . 

Pas trop cher svp c'est pour pauser des bagues pour adulte   
Merci!!!  
",reddit.com,https://reddit.com/r/paris/comments/1ogqq8l/cherche_un_bon_orthodentiste/,2025-10-26 18:38:13,fr,cd8dbc1958d715f2924b0ebabcdd67e13e0cad3f08dadec98d512ec49827fe09
Jihadists enforce a blockade on fuel in Mali ‚Ä¢ FRANCE 24 English,The U.S. Embassy in Mali told American citizens Tuesday to leave the country by plane because of the threats of terrorism and a ...,youtube.com,https://www.youtube.com/watch?v=XRcfyuv26rw,2025-10-28 20:34:12+00:00,fr,2823b25af9e5ad928b03732974840a2bf431bc0dc36270c4e006e99e8ecf8f68
Musk launches Grokipedia to rival &#39;left-biased&#39; Wikipedia ‚Ä¢ FRANCE 24 English,"Elon Musk's company xAI has launched a website called Grokipedia to compete with online encyclopedia Wikipedia, which he ...",youtube.com,https://www.youtube.com/watch?v=u9MO2muCj4I,2025-10-28 19:33:57+00:00,fr,b7fb61d5b5febe192bb1acc050c0405a0190423da5673afe787b94ef3a245671
"US launches strikes on alleged drug-running boats off Colombia, killing 14 ‚Ä¢ FRANCE 24 English",Defense Secretary Pete Hegseth announced Tuesday that the U.S. military has carried out three strikes in the eastern Pacific ...,youtube.com,https://www.youtube.com/watch?v=krQwniaIL6o,2025-10-28 19:28:43+00:00,fr,a8bb10334f7fb512f17a3d086c9ebd937b9daf891a83c950f7a1b8002537e1ef
Israeli planes strike Gaza City after Netanyahu orders &#39;powerful attacks&#39; ‚Ä¢ FRANCE 24 English,Israeli planes launched strikes on Gaza City on Tuesday after Prime Minister Benjamin Netanyahu accused the militant group ...,youtube.com,https://www.youtube.com/watch?v=uJctCSeiyKI,2025-10-28 19:20:05+00:00,fr,511378245a766998dd717ed45fb919cb868104ae0053e7eee6addcfd7d8a05e7
"Texas sues Tylenol makers, claiming they hid drug&#39;s autism risks ‚Ä¢ FRANCE 24 English","The makers of Tylenol, Johnson & Johnson and Kenvue, were sued on Tuesday by Texas Attorney General Ken Paxton, who ...",youtube.com,https://www.youtube.com/watch?v=698DqOjVffE,2025-10-28 15:40:13+00:00,fr,da875c9458bc7e92af152e78a69a21c0a6f009062cdb114c4063c911136a53b4
Health: mRNA Covid vaccines may help fight cancer ‚Ä¢ FRANCE 24 English,"Preliminary research published in Nature suggests that COVID-19 vaccines, particularly Pfizer and Moderna, may offer ...",youtube.com,https://www.youtube.com/watch?v=KTr8HA79Zck,2025-10-28 15:41:33+00:00,fr,cf731e44e9f85a979136b074f3237d581aed4928e41d97b3a2c7a4138a87b700
Jamaica: Up to 1.5 million people could be affected by category 5 Hurricane Melissa ‚Ä¢ FRANCE 24,"Hurricane Melissa is approaching Jamaica, with authorities on high alert as the island braces for impact. While the country is no ...",youtube.com,https://www.youtube.com/watch?v=GtS0g0hVaPQ,2025-10-28 15:37:26+00:00,fr,152f483c24f227b2e18394efaf820ee291d4ce1b98240519007ef99a00038741
UN accuses Sudanese forces of crimes against humanity amid Darfur crisis ‚Ä¢ FRANCE 24 English,The UN Human Rights Council reports that both the Sudanese Armed Forces and the Rapid Support Forces (RSF) are ...,youtube.com,https://www.youtube.com/watch?v=3NeIAsH1vNQ,2025-10-28 15:20:46+00:00,fr,baa8d4421e9314994d229e6b4ce5f5dcae90af235eb84964ea7cb9abddaea7ea
France&#39;s Brigitte Macron harassment trial : &#39;Since when has it been a crime to make a joke?&#39;,"On the second day of their trial in Paris, ten defendants face charges for harassment ,claiming that Brigitte Macron was born a man ...",youtube.com,https://www.youtube.com/watch?v=NicZYyds9TI,2025-10-28 15:18:40+00:00,fr,6ff5e117eed2fc5dd993139aaf0b42e298ac3266b969718dae6bb73152982014
New York mayoral race enters final stretch ‚Ä¢ FRANCE 24 English,Polling places opened on Saturday for in-person voting in two of the year's most closely watched elections: the New York City ...,youtube.com,https://www.youtube.com/watch?v=uhd_oISSsyw,2025-10-28 14:58:25+00:00,fr,952ec3dc9e7347d1d332877929e977ee61d4ec5f1b7b9239bbabc3db62dc9ea5
Former Vietnamese imperial city of Hue flooded after record rainfall ‚Ä¢ FRANCE 24 English,The former imperial city of Hue found itself flooded after record rainfall in #Vietnam. Nearly two metres of water fell in just 24 hours ...,youtube.com,https://www.youtube.com/watch?v=jLsU9eL8vQQ,2025-10-28 14:47:55+00:00,fr,47015297752f4f96c7b14b0f75b2311fed710114aa13e3555e0f9283c35c21fc
US and Japan forge stronger alliances ‚Ä¢ FRANCE 24 English,"US President Donald Trump is on a visit to Japan, where he met with newly elected Prime Minister Sanae Takaichi, highlighting ...",youtube.com,https://www.youtube.com/watch?v=EsCeJ9qfh2g,2025-10-28 14:33:11+00:00,fr,54b30183377a9419d5b021a79b976edd64bb06206b62b697e205b358863ade61
UN warns of climate crisis as most countries fail to update carbon plans ‚Ä¢ FRANCE 24 English,"A recent UN report reveals that most countries have failed to update their carbon-cutting plans as part of the Paris Agreement, and ...",youtube.com,https://www.youtube.com/watch?v=DFtSJJ4_-pg,2025-10-28 14:30:47+00:00,fr,af4ba397f3ccac6be6326086ab09d4ad9a60b81d03df617c8e500a8f12eb5ac7
US food assistance faces funding shortfall amid shutdown ‚Ä¢ FRANCE 24 English,"Food banks and pantries, already struggling after cuts to federal programs, are bracing for a surge in demand as a federal food ...",youtube.com,https://www.youtube.com/watch?v=uq98oZsvk-0,2025-10-28 14:26:47+00:00,fr,966d4e28fd8a529380419ab1e91e0e5263fb52358d5bd107502eedcd7d6f0a72
Venezuela suspends gas deal as Trinidad hosts US warship ‚Ä¢ FRANCE 24 English,"Venezuela on Monday suspended energy agreements with Trinidad and Tobago, over what officials have described as 'hostile' ...",youtube.com,https://www.youtube.com/watch?v=w2AgU0tdPU8,2025-10-28 14:23:26+00:00,fr,4e6a6e664662ac4d032bb43f8768a7c5c0a803b214b9ed9dcc03a258db7911f7
"&#39;Every day the situation for Afghan women gets worse and worse,&#39; campaigner says ‚Ä¢ FRANCE 24",A leading campaigner for women's and girls' rights in Afghanistan says the recent cutting off of the internet in the country led many ...,youtube.com,https://www.youtube.com/watch?v=viMfmpmpPqA,2025-10-28 14:04:41+00:00,fr,9ab82b85d5a2a0a846602d02acd5a36838bd14c5fb046b7d649fd7dabfddaf32
Precious Okoyomon&#39;s poetic language and unruly artwork ‚Ä¢ FRANCE 24 English,"Dreaming up creations that resemble a garden of earthly delights, filled with beauty, decay and poetry: Precious Okoyomon is a ...",youtube.com,https://www.youtube.com/watch?v=5OnF94Nj6EY,2025-10-28 13:22:13+00:00,fr,f169e1669a2c15da9b837ce424573695b8858190b8d25079faf6b56996453797
Japanese new PM rolls out &#39;charm offensive&#39; for Donald Trump ‚Ä¢ FRANCE 24 English,US President Donald Trump is currently in Japan for a key visit as the country faces growing concerns over China's rise and North ...,youtube.com,https://www.youtube.com/watch?v=NMqvZZPUr6c,2025-10-28 11:59:48+00:00,fr,f824e416507899a183ab988442ed4ead0b85ab4833dc3e3e9a421393ec7fd016
"Sudan: Army acknowledges defeat in El-Fasher, UN warns of violence ‚Ä¢ FRANCE 24 English","The fall of El-Fasher to the Rapid Support Forces (RSF) marks a turning point in the Sudanese conflict, with General Abdel Fattah ...",youtube.com,https://www.youtube.com/watch?v=YHGv4scXhOE,2025-10-28 11:56:50+00:00,fr,705a66d991e655560d22d56cb4b68969731815319f872b632742a084a6161f05
Cameroon: Violence erupts following Paul Biya&#39;s election victory ‚Ä¢ FRANCE 24 English,"Violent incidents broke out across Cameroon following the announcement of Paul Biya's victory with 55.66% of the vote, defeating ...",youtube.com,https://www.youtube.com/watch?v=4ALStDMst0U,2025-10-28 11:54:42+00:00,fr,17d779ec66d0563ffb8c1b93e9e07a42e1007cb3a5c8af7603e6621046f18393
"Ivory Coast: Ouattara re-elected with 89.77% of the vote, calm prevails after election ‚Ä¢ FRANCE 24","With 89.77% of the vote, President Alassane Ouattara has been re-elected for a fourth term, pending validation by the ...",youtube.com,https://www.youtube.com/watch?v=X-kI0jx9DpA,2025-10-28 11:53:15+00:00,fr,71bb6dff2a097f99294ff42d53d80bb73386ee1a4165adc0d0e186dda6a2ae68
Domestic workers jobs decline in South Africa ‚Ä¢ FRANCE 24 English,A recent poll reveals that around 400000 South African domestic workers have lost their jobs over the past five years. The primary ...,youtube.com,https://www.youtube.com/watch?v=5mZPfE4PGzg,2025-10-28 11:49:49+00:00,fr,62a919aa0e312e3abb06580e272c89a6be3d01f3ca7f2214a563dfafecf8ea4c
Mali closes schools due to fuel shortage ‚Ä¢ FRANCE 24 English,Malian authorities announced on Sunday the suspension of classes in schools and universities for two weeks nationwide due to a ...,youtube.com,https://www.youtube.com/watch?v=uldU3IAJnH8,2025-10-28 11:51:06+00:00,fr,95dfacd58fe2f1c5c42c3370333e62cb7f570f2fc40efe1c04a52a6f731c7f53
Excavations in Gaza underway to recover Israeli hostage bodies ‚Ä¢ FRANCE 24 English,Excavations are underway in #Gaza to recover the remaining bodies of #Israeli hostages. Egypt sent in heavy machinery and ...,youtube.com,https://www.youtube.com/watch?v=7Pxuus2b4sE,2025-10-28 11:35:29+00:00,fr,2bbbe27cf1e813f292957227bc18f401be2074ac176b164c6e41e7c5120c601a
Could US trade deals push ASEAN countries into the arms of China? ‚Ä¢ FRANCE 24 English,Several trade deals and frameworks between the US and Southeast Asian countries unveiled at the recent ASEAN summit heavily ...,youtube.com,https://www.youtube.com/watch?v=wmIvQgihldk,2025-10-28 11:18:12+00:00,fr,30cecc4b029722c031975f6de3765dabe9d8a5019f50e46a6e4873d6599f3db7
France&#39;s AI drones set to revolutionise military surveillance ‚Ä¢ FRANCE 24 English,"Near Paris, French manufacturer Thales is showcasing how a swarm of drones operates using AI, allowing for autonomous ...",youtube.com,https://www.youtube.com/watch?v=IF3fQCl43LI,2025-10-28 11:16:28+00:00,fr,740d7f02ddd32f8081c0a9819c09c93793bcf7e2ebb2e1dadff6ab3d5a91228e
RSF expands control in western Sudan ‚Ä¢ FRANCE 24 English,The paramilitary force fighting since 2023 to take over Sudan has ousted the army from its last stronghold in the western Darfur ...,youtube.com,https://www.youtube.com/watch?v=PfzDH9vOFXU,2025-10-28 11:14:18+00:00,fr,7a5908cf6c9e2f33fde1abed2e2fa0f38b2958d143cdad137dc88f585e49581e
"In the Netherlands, immigration dominates election campaign ‚Ä¢ FRANCE 24 English",Dutch voters head to the polls on October 29 and far-right parties have made immigration the central issue of the campaign.,youtube.com,https://www.youtube.com/watch?v=IdQEzTeCovM,2025-10-28 11:06:25+00:00,fr,e324c5632de9e7704b3f1b4ec4bf5f6b0547c17a9b019560ab1b050aa0054b5b
Russia&#39;s repeated attacks on civilians in Ukraine called crimes against humanity ‚Ä¢ FRANCE 24,The UN Commission has determined that Russia's repeated attacks on civilians in three Ukrainian regions amount to crimes ...,youtube.com,https://www.youtube.com/watch?v=G5xYTz5-EF0,2025-10-28 10:29:43+00:00,fr,a91bef4b8d0f6c8e3ddf81e6648eb350b3a6bf34c92b8b46e5f8673613fcd0ed
Gaza calls for international help as thousands remain missing under rubble ‚Ä¢ FRANCE 24 English,"In Gaza, the search for Israeli hostages' bodies intensifies as local civil defense workers call for international aid to retrieve and ...",youtube.com,https://www.youtube.com/watch?v=ubBS85UQUTc,2025-10-28 10:25:51+00:00,fr,b9e175b89b429a7b74b15a07b8d4f70494fd34283e53883030d2d2e75ef35803
Indice de durabilit√© - Lave-linge (organisation Vestel France) - TUCSON_TLL914T2A_ID,"Ce jeu de donn√©es r√©pond aux sp√©cifications du sch√©ma ""Indice de durabilit√© - Lave-linge"" disponible sur le site [schema.data.gouv.fr](https://schema.data.gouv.fr/etalab/indice-durabilite-lave-linge)",data.gouv.fr,https://www.data.gouv.fr/datasets/indice-de-durabilite-lave-linge-organisation-vestel-france-tucson-tll914t2a-id/,2025-10-27 10:42:47.724000+00:00,fr,85a77f20f4d320f1b19ec3bb739b0c65d13976e361e503bf0d5a87f446113c12
Part des v√©hicules √† faibles √©missions dans le renouvellement d'un parc (organisation ZOETIS FRANCE),"Ce jeu de donn√©es r√©pond aux sp√©cifications du sch√©ma ""Part des v√©hicules √† faibles √©missions dans le renouvellement d'un parc"" disponible sur le site [schema.data.gouv.fr](https://schema.data.gouv.fr/etalab/schema-vehicules-faibles-emissions-renouvellement-parc)",data.gouv.fr,https://www.data.gouv.fr/datasets/part-des-vehicules-a-faibles-emissions-dans-le-renouvellement-dun-parc-organisation-zoetis-france-4/,2025-10-22 12:52:05.992000+00:00,fr,32e9f7145fdbcc5e5a47bd93d6ef35a906b29f0fab938274f6693f9b568256dd
Catalogue des vari√©t√©s d'ol√©oprot√©agineux d√©clar√©es commercialis√©es en France,"Ce fichier comprend la liste des vari√©t√©s d√©clar√©es commercialis√©es √† Terres Inovia pour l'ann√©e par les semenciers.

Il concerne les cultures suivantes : colza, tournesol, pois, soja, f√©verole, lin, lupin, chanvre, pois chiche, lentille.

Derni√®re mise √† jour : 2023
",data.gouv.fr,https://www.data.gouv.fr/datasets/catalogue-des-varietes-doleoproteagineux-declarees-commercialisees-en-france/,2025-10-21 14:03:45.708000+00:00,fr,ed6fdcb33c7c6d0f91fecda727b4afc0d08c7b88acae700d665d2c7b772a3fa7
Donn√©es d'activit√© en lien avec le cancer dans les √©tablissements de sant√© en France,"Tous les ans, **l‚ÄôInstitut National du Cancer (INCa)** fournit les donn√©es agr√©g√©es d√©crivant l‚Äôactivit√© de canc√©rologie des √©tablissements de sant√© en France. Ces donn√©es sont √©labor√©es √† partir des informations issues du **Programme de m√©dicalisation des syst√®mes d'information (PMSI)** diffus√©es par **l‚ÄôAgence technique de l‚Äôinformation sur l‚Äôhospitalisation (ATIH)**. Elles couvrent les 3 secteurs que sont :

* la M√©decine, chirurgie, obst√©trique (MCO)

* les Soins m√©dicaux de r√©adaptation (SMR), ex Soins de suite ou de r√©adaptation (SSR)

* et, l'Hospitalisation √† domicile (HAD)

En MCO et en SMR (ex-SSR), les s√©jours li√©s au cancer sont identifi√©s par **les algorithmes de s√©lection des hospitalisations li√©es √† la prise en charge du cancer pour ces 2 champs d√©velopp√© conjointement avec l‚ÄôInstitut National du Cancer (INCa)** et des repr√©sentants des f√©d√©rations hospitali√®res publiques et priv√©es.

Les donn√©es permettent de visualiser l‚Äôactivit√© hospitali√®re li√©e aux soins des patient",data.gouv.fr,https://www.data.gouv.fr/datasets/donnees-dactivite-en-lien-avec-le-cancer-dans-les-etablissements-de-sante-en-france/,2025-10-17 12:37:38.030000+00:00,fr,9ec1cfcb1cab7e17d63ac70b70b9c0b145419e75ea6cd91ec2a0d7df28657a62
